{"IcoMoonType":"selection","icons":[{"icon":{"paths":["M864 128l-480 480-224-224-160 160 384 384 640-640z"],"tags":["checkmark","tick","correct","accept","ok"],"defaultCode":59920,"grid":16,"attrs":[]},"attrs":[],"properties":{"ligatures":"checkmark, tick","name":"checkmark","order":20,"id":273,"prevSize":32,"code":59920},"setIdx":4,"setId":1,"iconIdx":271}],"height":1024,"metadata":{"name":"icomoon"},"preferences":{"showGlyphs":true,"showQuickUse":true,"showQuickUse2":true,"showSVGs":true,"fontPref":{"prefix":"icon-","metadata":{"fontFamily":"icomoon"},"metrics":{"emSize":1024,"baseline":6.25,"whitespace":50},"embed":false},"imagePref":{"prefix":"icon-","png":true,"useClassSelector":true,"color":0,"bgColor":16777215,"classSelector":".icon","name":"icomoon","height":32,"columns":16,"margin":16},"historySize":50,"showCodes":true,"gridSize":16}}